Fragmento,Comunidad,Lugar,Locacion,Year,FECHA,UTM1,UTM2,ELEV,# TRANSECTO,Total >10 DAP,Total >50 DAP,# Cecropias,# Melastomataceae,DEN 1 N,DEN 2 S,DEN 3 E,DEN 4 W,Dosel_metros,TIPO DE BOSQUE,NOTAS,Fragment description,Nota Luis
,La Yesita,BBS,Rio Ducha,2008,11-Nov-08,643222,38043,540,1A,0,1,0,0,5,8,16,12,12,Secondary,,,
Fragment,La Yesita,BBS,Rio Ducha,2008,11-Nov-08,643257,38043,540,1B,3,0,0,0,6,4,9,19,14,Secondary,,,
Fragment,La Yesita,BBS,Rio Ducha,2008,11-Nov-08,643143,38058,540,1C,3,1,0,0,8,12,13,19,25,Secondary,,,
Fragment,La Yesita,Finca José Vera,86,2009,6-Oct-09,644915,36562,476,1A,8,2,1,0,3,8,3,6,28,Altered,Not sure of exact date,Jose Vera,
Fragment,La Yesita,Finca José Vera,86,2009,6-Oct-09,644706,36536,479,1B,15,1,3,0,4,5,2,9,30,Primary,Not sure of exact date,Jose Vera,
Fragment,La Yesita,Finca José Vera,86,2009,6-Oct-09,644752,36499,471,1C,14,2,1,0,6,2,2,3,35,Primary,Not sure of exact date,Jose Vera,
Fragment,Taguales ,Finca Gilberto Bravo,1,2010,5-Aug-10,644029,44705,415,1A ,25,3,6,14,18,15,25,7,22,Primary,,Fragmento 1 (taguales),
Fragment,Taguales ,Finca Gilberto Bravo,1,2010,5-Aug-10,643996,44678,410,1B,17,2,11,6,11,13,18,10,25,Primary,,Fragmento 1 (taguales),
Fragment,Taguales ,Finca Gilberto Bravo,1,2010,5-Aug-10,643943,44678,408,1C,13,2,9,4,13,20,4,7,20,Primary,,Fragmento 1 (taguales),
Fragment,Taguales ,Finca Gaudencio Bravo,2,2010,8-Aug-10,642603,43892,384,1A,21,1,1,11,13,7,6,8,27,Primary,,Fragmento 2 (taguales),
Fragment,Taguales ,Finca Gaudencio Bravo,2,2010,8-Aug-10,642554,43916,370,1B,18,3,0,18,4,7,14,4,20,Primary,,Fragmento 2 (taguales),
Fragment,Taguales ,Finca Gaudencio Bravo,2,2010,8-Aug-10,642507,43929,352,1C,24,1,0,24,5,4,2,3,25,Primary,,Fragmento 2 (taguales),
Fragment,EL Descanso,Finca Don Abraham,3,2010,15-Sep-10,649185,39728,440,1A,19,3,2,3,12,14,6,5,30,Primary,,Fragmento 3 (El Descanso),
Fragment,EL Descanso,Finca Don Abraham,3,2010,15-Sep-10,649156,39697,462,1B,19,2,1,0,9,3,8,5,35,Primary,,Fragmento 3 (El Descanso),
Fragment,EL Descanso,Finca Don Abraham,3,2010,15-Sep-10,649172,39654,467,1C,22,3,3,0,5,2,5,6,27,Primary,,Fragmento 3 (El Descanso),
Fragment,La Ye,Finca Winter Zambrano,4,2010,21-Sep-10,650404,42547,449,1A ,21,0,3,2,10,6,15,16,20,Secondary,,Fragmento 4 (La Y Winter Zambrano),
Fragment,La Ye,Finca Winter Zambrano,4,2010,21-Sep-10,650428,42515,435,1B,19,1,4,5,7,17,10,3,23,Secondary,,Fragmento 4 (La Y Winter Zambrano),
Fragment,La Ye,Finca Winter Zambrano,4,2010,21-Sep-10,650429,42479,422,1C,8,0,2,5,11,3,4,6,23,Secondary,,Fragmento 4 (La Y Winter Zambrano),
Fragment,La Ye,Finca José Zambrano,5,2010,17-Nov-10,646599,45530,278,1A,22,0,2,6,15,21,6,9,20,Secondary,,Fragmento 5 (Jose Zambrano Taguales),No es Taguales es la Ye
Fragment,La Ye,Finca José Zambrano,5,2010,17-Nov-10,646662,45525,302,1B,12,3,0,3,10,8,8,6,22,Secondary,,Fragmento 5 (Jose Zambrano Taguales),No es Taguales es la Ye
Fragment,La Ye,Finca José Zambrano,5,2010,17-Nov-10,646636,45467,265,1C,17,3,0,6,3,15,7,4,25,Secondary,,Fragmento 5 (Jose Zambrano Taguales),No es Taguales es la Ye
Fragment,Platano,Finca Felipe Loor,6,2010,20-Nov-10,648826,45517,339,1A,11,0,9,0,19,16,13,2,16,Secondary,,Fragmento 6 (Finca Felipe Loor Platano),
Fragment,Platano,Finca Felipe Loor,6,2010,20-Nov-10,648771,45507,340,1B,13,0,7,0,7,6,6,21,15,Secondary,,Fragmento 6 (Finca Felipe Loor Platano),
Fragment,Platano,Finca Felipe Loor,6,2010,20-Nov-10,648726,45477,338,1C,10,0,6,0,16,17,11,45,13,Secondary,,Fragmento 6 (Finca Felipe Loor Platano),
Fragment,Colorado,Finca Raúl Parrales (Túneles),7,2010,16-Dec-10,650240,47145,278,1A,19,0,0,0,10,12,7,12,17,Secondary,MUCHO BAMBU,Fragmento 7 (Túneles de Colorado),
Fragment,Colorado,Finca Raúl Parrales (Túneles),7,2010,16-Dec-10,650288,47190,300,1B,21,1,0,0,50,21,33,10,16,Secondary,MUCHO BAMBU,Fragmento 7 (Túneles de Colorado),
Fragment,Colorado,Finca Raúl Parrales (Túneles),7,2010,16-Dec-10,650367,47215,280,1C,14,0,7,0,29,13,15,47,15,Secondary,MUCHO BAMBU,Fragmento 7 (Túneles de Colorado),
Fragment,La Ye,Finca José Zambrano,8,2011,11-Feb-11,651902,41148,230,1A,19,3,1,7,7,2,6,6,30,Primary,,fragmento 8 (Finca José Zambrano La Y),
Fragment,La Ye,Finca José Zambrano,8,2011,11-Feb-11,651852,41185,240,1B,14,4,1,0,4,6,4,20,35,Primary,,fragmento 8 (Finca José Zambrano La Y),
Fragment,La Ye,Finca José Zambrano,8,2011,11-Feb-11,651804,41206,259,1C,29,2,0,4,10,4,4,4,35,Primary,,fragmento 8 (Finca José Zambrano La Y),
Fragment,La Ye,Finca José Zambrano,9,2011,14-Feb-11,651535,41017,252,1A,21,0,4,0,9,7,11,9,30,Secondary,,Fragmento 9 (La Y),
Fragment,La Ye,Finca José Zambrano,9,2011,14-Feb-11,651568,41030,258,1B,14,0,3,5,12,6,14,7,20,Secondary,,Fragmento 9 (La Y),
Fragment,La Ye,Finca José Zambrano,9,2011,14-Feb-11,651623,41020,280,1C,11,0,5,3,8,3,4,20,25,Secondary,,Fragmento 9 (La Y),
Fragment,La Ye,Finca Winter Zambrano,10,2011,17-Feb-11,652065,43086,442,1A,26,1,1,2,15,17,17,7,25,Primary,,Fragmento 10 (Finca Winter Zambrano),
Fragment,La Ye,Finca Winter Zambrano,10,2011,17-Feb-11,652050,43118,435,1B,31,1,0,0,5,8,7,8,35,Primary,,Fragmento 10 (Finca Winter Zambrano),
Fragment,La Ye,Finca Winter Zambrano,10,2011,17-Feb-11,652079,43138,429,1C,21,2,1,2,4,16,10,9,35,Primary,,Fragmento 10 (Finca Winter Zambrano),
Fragment,La Ye,Finca Díaz,11,2012,15-Jan-12,650813,41157,452,1A,21,4,2,3,16,11,18,8,18,Altered,,La Y (Diaz),
Fragment,La Ye,Finca Díaz,11,2012,15-Jan-12,650799,41079,465,1B,20,1,0,6,8,9,7,14,25,Altered,,La Y (Diaz),
Fragment,La Ye,Finca Díaz,11,2012,15-Jan-12,650761,41020,479,1C,8,1,2,12,10,8,6,4,27,Altered,,La Y (Diaz),
Fragment,Santa Isabel,Finca Gavilanez,12,2012,19-Jan-12,646809,38805,549,1A,21,0,3,10,8,18,8,8,40,Primary,,El Descanso ,
Fragment,Santa Isabel,Finca Gavilanez,12,2012,19-Jan-12,646850,38845,545,1B,17,1,7,1,8,6,7,10,40,Primary,,El Descanso ,
Fragment,Santa Isabel,Finca Gavilanez,12,2012,19-Jan-12,646904,38849,523,1C,21,0,7,1,9,9,13,10,35,Primary,,El Descanso ,
Fragment,Santa Isabel,Finca Gavilanez,13,2012,22-Jan-12,646842,38498,577,1A,27,1,3,21,16,7,6,10,18,Altered,,El Descanso ,
Fragment,Santa Isabel,Finca Gavilanez,13,2012,22-Jan-12,646877,38537,576,1B,18,1,3,24,11,13,6,8,18,Altered,,El Descanso ,
Fragment,Santa Isabel,Finca Gavilanez,13,2012,22-Jan-12,646917,38543,550,1C,22,1,2,12,11,10,8,3,20,Altered,,El Descanso ,
,La Yesita,BBS,SV-250,2013,18-Aug-13,643226,38265,545,1A,14,0,2,0,18,14,17,10,23,Secondary,,,
,La Yesita,BBS,SV-250,2013,18-Aug-13,643195,38206,540,1B,20,0,1,4,26,18,16,3,18,Secondary,,,
,La Yesita,BBS,SV-250,2013,18-Aug-13,643146,38178,525,1C,15,1,4,2,9,2,6,11,35,Secondary,,,
,La Yesita,BBS,SV-1450,2013,23-Aug-13,642253,37583,513,1A,11,0,0,0,6,8,5,10,45,Primario,,,
,La Yesita,BBS,SV-1450,2013,23-Aug-13,642190,37552,514,1B,11,4,0,0,6,5,4,5,45,Primario,,,
,La Yesita,BBS,SV-1450,2013,23-Aug-13,642096,37531,499,1C,14,3,0,0,14,8,12,8,45,Primario,,,
Fragment,La Yesita,BBS,SM-950,2013,26-Aug-13,642572,38004,524,1A,15,4,0,0,13,18,8,10,32,Alterado,,,
,La Yesita,BBS,SM-950,2013,26-Aug-13,642512,37997,530,1B,16,1,7,0,6,14,11,9,15,Alterado,,,
,La Yesita,BBS,SM-950,2013,26-Aug-13,642472,37937,525,1C,10,2,0,0,5,8,9,4,30,Alterado,,,
Fragment,La Yesita,Finca José Vera,86,2013,30-Aug-13,644616,36560,491,1A,12,0,0,0,21,6,11,9,20,Alterado,,Finca José Vera,
Fragment,La Yesita,Finca José Vera,86,2013,30-Aug-13,644674,36548,484,1B,14,0,0,0,6,4,12,6,25,Alterado,,Finca José Vera,
Fragment,La Yesita,Finca José Vera,86,2013,30-Aug-13,644714,36521,476,1C,19,2,0,0,4,3,7,5,22,Alterado,,Finca José Vera,
Fragment,Santa Isabel,Finca Gavilanez,12,2013,2-Sep-13,646812,38811,543,1A,18,3,0,0,15,5,6,9,35,Primary,,Finca Gavilanes,
Fragment,Santa Isabel,Finca Gavilanez,12,2013,2-Sep-13,646866,38844,540,1B,19,1,1,1,9,4,5,7,25,Primary,,Finca Gavilanes,
Fragment,Santa Isabel,Finca Gavilanez,12,2013,2-Sep-13,646902,38852,543,1C,22,0,1,1,5,4,6,9,25,Primary,,Finca Gavilanes,
Fragment,Santa Isabel,Finca Gavilanez,13,2013,5-Sep-13,646852,38489,562,1A,19,1,0,0,7,4,2,5,25,Altered,,Finca Gavilanes,
Fragment,Santa Isabel,Finca Gavilanez,13,2013,5-Sep-13,646875,38519,587,1B,12,2,0,0,3,4,5,5,30,Altered,,Finca Gavilanes,
Fragment,Santa Isabel,Finca Gavilanez,13,2013,5-Sep-13,646912,38536,535,1C,19,1,0,0,3,5,7,10,30,Altered,,Finca Gavilanes,
Fragment,El Limón,Finca Bolivar Paladines,23,2013,10-Sep-13,652958,42584,413,1A,17,3,0,0,4,3,3,4,23,Altered,,Finca La Raquelita,
Fragment,El Limón,Finca Bolivar Paladines,23,2013,10-Sep-13,652913,42596,374,1B,12,1,0,0,3,9,4,6,40,Altered,,Finca La Raquelita,
Fragment,El Limón,Finca Bolivar Paladines,23,2013,10-Sep-13,652903,42632,392,1C,15,2,0,0,10,3,4,7,55,Altered,,Finca La Raquelita,
Fragment,La Ye,Finca José Zambrano,8,2013,14-Sep-13,651896,41154,248,1A,15,2,0,0,4,5,7,10,20,Primary,,Finca José Zambrano,
Fragment,La Ye,Finca José Zambrano,8,2013,15-Sep-13,651848,41171,251,1B,14,4,0,0,12,,,8,40,Primary,,Finca José Zambrano,
Fragment,La Ye,Finca José Zambrano,8,2013,15-Sep-13,651801,41218,285,1C,15,2,0,0,12,5,6,10,40,Primary,,Finca José Zambrano,
Fragment,La Ye,Finca José Zambrano,9,2013,18-Sep-13,651550,40990,265,1A,15,0,2,0,8,3,10,7,20,Secondary,,Finca José Zambrano,
Fragment,La Ye,Finca José Zambrano,9,2013,18-Sep-13,651585,41005,277,1B,12,0,4,0,12,6,10,6,20,Secondary,,Finca José Zambrano,
Fragment,La Ye,Finca José Zambrano,9,2013,18-Sep-13,651626,41024,287,1C,8,0,3,0,5,4,11,8,23,Secondary,,Finca José Zambrano,
Fragment,La Ye,Finca Winter Zambrano,4,2014,8-Aug-14,650431,42511,412,1,6,0,0,0,5,17,15,4,30,Altered,,La Y,
Fragment,La Ye,Finca Winter Zambrano,4,2014,8-Aug-14,650446,42264,361,2,6,3,0,0,7,6,14,7,45,Primary,,La Y,
Fragment,La Ye,Finca Winter Zambrano,10,2014,11-Aug-14,651865,42715,400,1,6,2,0,0,,,,,,,,La Y,
Fragment,La Ye,Finca Winter Zambrano,10,2014,11-Aug-14,651932,42883,351,2,10,0,0,0,12,6,10,5,24.6,,,La Y,
Fragment,La Ye,Finca Bolivar Paladines,75,2014,15-Aug-14,652159,43967,428,1,12,1,0,0,7,8,6,5,35,Altered,,Finca La Raquelita,
Fragment,La Ye,Finca Bolivar Paladines,75,2014,15-Aug-14,652029,43773,389,2,13,1,0,0,5,6,4,3,45,Primary,,Finca La Raquelita,
Fragment,El Limón,Finca Bolivar Paladines,23,2014,19-Aug-14,652804,42681,382,1,12,3,0,0,5,4,8,6,45,Primary,,Finca La Raquelita,
Fragment,El Limón,Finca Bolivar Paladines,23,2014,19-Aug-14,652790,42496,339,2,12,3,0,0,4,9,6,7,45,Primary,,Finca La Raquelita,
Fragment,La Ye,Finca José Zambrano,8,2014,24-Aug-14,651731,41213,266,1,9,2,0,0,4,6,12,5,45,Altered,,La Y,
Fragment,La Ye,Finca José Zambrano,8,2014,24-Aug-14,651893,41038,222,2,11,0,0,0,15,8,10,12,20,Secondary,,La Y,
Fragment,San Andrés,Finca Washington Castro,79,2014,3-Sep-14,661722,43213,193,B1,6,2,0,0,4,6,5,4,18,Secondary,"En la hoja original hay otras coordenadas N0039084/W7054668 sin elevación. 10 Nov 2019 - Mike Ellis - X coordinate here is wrong. Not sure what the correct one is, so I'm setting it to halfway between the other two.",San Andres,"En el proyecto fragmentos se utilizó 4 redes al borde y 4 redes en el centro de cada fragmento, entonces en cada transecto de 4 redes se tomó 3 medidas de habitat (centro, medio y fin) "
Fragment,San Andrés,Finca Washington Castro,79,2014,3-Sep-14,661732,43198,193,B2,2,0,1,0,4,5,6,4,20,Secondary,En la hoja original hay otras coordenadas N0039070/S7954667 sin elevación ,San Andres,
Fragment,San Andrés,Finca Washington Castro,79,2014,3-Sep-14,661712,43180,193,B3,4,0,0,0,9,8,19,11,15,Secondary,En la hoja original hay otras coordenadas N39054/W7954685 sin elevación ,San Andres,
Fragment,San Andrés,Finca Washington Castro,79,2014,3-Sep-14,661534,43223,193,C1,5,1,0,0,4,10,5,6,35,Primary,En la hoja original hay otras coordenadas N0039093/W7954845 sin elevación ,San Andres,
Fragment,San Andrés,Finca Washington Castro,79,2014,3-Sep-14,661516,43222,193,C2,4,2,0,0,5,6,12,6,35,Primary,En la hoja original hay otras coordenadas N39092/W7954862 sin elevación ,San Andres,
Fragment,San Andrés,Finca Washington Castro,79,2014,3-Sep-14,661534,43195,193,C3,10,1,0,0,5,6,6,4,35,Primary,En la hoja original hay otras coordenadas N0039067/W7954845 sin elevación ,San Andres,
Fragment,San Andrés,Finca Moncayo,89,2014,6-Sep-14,661304,44545,152,B1,11,2,0,0,8,4,4,5,45,Altered,,San Andres,"En el proyecto fragmentos se utilizó 4 redes al borde y 4 redes en el centro de cada fragmento, entonces en cada transecto de 4 redes se tomó 3 medidas de habitat (centro, medio y fin) "
Fragment,San Andrés,Finca Moncayo,89,2014,6-Sep-14,661274,44555,158,B2,12,0,0,0,5,9,10,5,25,Secondary,,San Andres,
Fragment,San Andrés,Finca Moncayo,89,2014,6-Sep-14,661289,44590,152,B3,5,0,2,0,3,12,13,6,20,Secondary,,San Andres,
Fragment,San Andrés,Finca Moncayo,89,2014,6-Sep-14,661211,44698,214,C1,11,1,0,0,3,23,14,4,45,Altered,,San Andres,
Fragment,San Andrés,Finca Moncayo,89,2014,6-Sep-14,661216,44710,240,C2,8,0,0,0,5,4,7,3,25,Altered,,San Andres,
Fragment,San Andrés,Finca Moncayo,89,2014,6-Sep-14,661242,44723,228,C3,11,2,0,0,,,,,40,Primary,,San Andres,
Fragment,San Andrés,Finca Juan Delgado,81,2014,11-Sep-14,661364,44064,121,B1,7,2,0,0,10,11,6,8,25,Secondary,,San Andres,"En el proyecto fragmentos se utilizó 4 redes al borde y 4 redes en el centro de cada fragmento, entonces en cada transecto de 4 redes se tomó 3 medidas de habitat (centro, medio y fin) "
Fragment,San Andrés,Finca Juan Delgado,81,2014,11-Sep-14,661344,44075,161,B2,4,1,0,0,8,12,8,11,30,Secondary,,San Andres,
Fragment,San Andrés,Finca Juan Delgado,81,2014,11-Sep-14,661312,44054,147,B3,12,0,2,0,10,6,10,7,30,Secondary,,San Andres,
Fragment,San Andrés,Finca Juan Delgado,81,2014,11-Sep-14,661297,43940,140,C1,13,1,0,0,3,4,4,5,45,Primary,,San Andres,
Fragment,San Andrés,Finca Juan Delgado,81,2014,11-Sep-14,661292,43915,168,C2,6,0,0,0,4,5,6,8,35,Primary,,San Andres,
Fragment,San Andrés,Finca Juan Delgado,81,2014,11-Sep-14,661290,43903,159,C3,11,1,0,0,7,4,3,4,30,Primary,,San Andres,
Fragment,San Andrés,Finca Moncayo,78,2014,12-Sep-14,662314,44543,155,B1,11,0,1,0,6,7,5,4,25,Secondary,,San Andres,"En el proyecto fragmentos se utilizó 4 redes al borde y 4 redes en el centro de cada fragmento, entonces en cada transecto de 4 redes se tomó 3 medidas de habitat (centro, medio y fin) "
Fragment,San Andrés,Finca Moncayo,78,2014,12-Sep-14,662304,44575,164,B2,15,0,2,0,5,3,6,4,30,Secondary,,San Andres,
Fragment,San Andrés,Finca Moncayo,78,2014,12-Sep-14,662273,44584,165,B3,9,0,1,0,5,7,6,4,20,Secondary,,San Andres,
Fragment,San Andrés,Finca Moncayo,78,2014,12-Sep-14,662098,44574,171,C1,6,0,0,0,9,7,8,8,25,Secondary,,San Andres,
Fragment,San Andrés,Finca Moncayo,78,2014,12-Sep-14,662083,44576,174,C2,7,0,0,0,3,5,4,4,25,Secondary,,San Andres,
Fragment,San Andrés,Finca Moncayo,78,2014,12-Sep-14,662056,44580,181,C3,9,1,1,0,8,9,10,9,30,Secondary,,San Andres,
Fragment,San Andrés,Finca Moncayo,77,2014,21-Sep-14,662090,44115,171,B1,2,0,0,0,17,8,7,4,30,Secondary,,San Andres,
Fragment,San Andrés,Finca Moncayo,77,2014,21-Sep-14,662074,44123,171,B2,7,0,0,0,21,10,9,7,35,Secondary,,San Andres,"En el proyecto fragmentos se utilizó 4 redes al borde y 4 redes en el centro de cada fragmento, entonces en cada transecto de 4 redes se tomó 3 medidas de habitat (centro, medio y fin) "
Fragment,San Andrés,Finca Moncayo,77,2014,21-Sep-14,662126,44118,171,B3,8,0,0,0,3,5,14,8,25,Secondary,,San Andres,
Fragment,San Andrés,Finca Moncayo,77,2014,21-Sep-14,661983,44223,171,C1,10,2,0,0,10,4,3,7,35,Primary,,San Andres,
Fragment,San Andrés,Finca Moncayo,77,2014,21-Sep-14,661973,44221,171,C2,11,1,1,0,9,8,7,12,30,Primary,,San Andres,
Fragment,San Andrés,Finca Moncayo,77,2014,21-Sep-14,661938,44231,171,C3,10,0,1,0,10,19,14,10,25,Primary,,San Andres,
Fragment,Santa Isabel,Finca Gavilanez,13,2014,3-Oct-14,646845,38513,580,B1,9,0,0,1,11,8,13,10,30,Altered,,Santa Isabel,"En el proyecto fragmentos se utilizó 4 redes al borde y 4 redes en el centro de cada fragmento, entonces en cada transecto de 4 redes se tomó 3 medidas de habitat (centro, medio y fin) "
Fragment,Santa Isabel,Finca Gavilanez,13,2014,3-Oct-14,646875,38531,550,B2,10,1,0,0,10,8,11,7,45,Altered,,Santa Isabel,
Fragment,Santa Isabel,Finca Gavilanez,13,2014,3-Oct-14,646908,38535,535,B3,7,0,2,0,6,8,9,5,40,Altered,,Santa Isabel,
Fragment,Santa Isabel,Finca Gavilanez,13,2014,3-Oct-14,647020,38428,540,C1,7,1,0,0,9,17,17,5,40,Altered,,Santa Isabel,
Fragment,Santa Isabel,Finca Gavilanez,13,2014,3-Oct-14,646988,38446,549,C2,6,2,0,0,4,7,5,3,45,Secondary,,Santa Isabel,
Fragment,Santa Isabel,Finca Gavilanez,13,2014,3-Oct-14,646991,38475,563,C3,6,2,0,0,3,4,4,5,45,Primary,,Santa Isabel,
Fragment,Santa Isabel,Finca Miguel Rodríguez,41,2014,7-Oct-14,646334,38083,629,B1,7,1,0,0,3,3,5,3,37,Altered,,Santa Isabel,"En el proyecto fragmentos se utilizó 4 redes al borde y 4 redes en el centro de cada fragmento, entonces en cada transecto de 4 redes se tomó 3 medidas de habitat (centro, medio y fin) "
Fragment,Santa Isabel,Finca Miguel Rodríguez,41,2014,7-Oct-14,646297,38062,578,B2,5,1,0,0,2,3,4,5,25,Altered,,Santa Isabel,
Fragment,Santa Isabel,Finca Miguel Rodríguez,41,2014,7-Oct-14,646265,38067,572,B3,7,0,0,0,3,5,6,3,25,Altered,,Santa Isabel,
Fragment,Santa Isabel,Finca Miguel Rodríguez,41,2014,7-Oct-14,646302,38011,619,C1,11,1,0,0,6,11,4,3,35,Primary,,Santa Isabel,
Fragment,Santa Isabel,Finca Miguel Rodríguez,41,2014,7-Oct-14,646293,37976,559,C2,10,1,0,0,4,5,5,4,35,Altered,,Santa Isabel,
Fragment,Santa Isabel,Finca Miguel Rodríguez,41,2014,7-Oct-14,646273,37942,553,C3,5,2,0,0,3,4,2,2,45,Altered,,Santa Isabel,
Fragment,Santa Isabel,Finca Porfirio Zambrano,82,2014,10-Oct-14,646613,36548,402,B1,13,0,0,0,8,16,8,11,25,Secondary,,Santa Isabel,"En el proyecto fragmentos se utilizó 4 redes al borde y 4 redes en el centro de cada fragmento, entonces en cada transecto de 4 redes se tomó 3 medidas de habitat (centro, medio y fin) "
Fragment,Santa Isabel,Finca Porfirio Zambrano,82,2014,10-Oct-14,646614,36532,401,B2,7,0,0,0,30,21,13,24,35,Altered,,Santa Isabel,
Fragment,Santa Isabel,Finca Porfirio Zambrano,82,2014,10-Oct-14,646623,36509,396,B3,11,1,0,0,19,23,15,19,30,Altered,,Santa Isabel,
Fragment,Santa Isabel,Finca Porfirio Zambrano,82,2014,10-Oct-14,646765,36321,375,C1,8,1,0,0,4,6,3,10,45,Altered,,Santa Isabel,
Fragment,Santa Isabel,Finca Porfirio Zambrano,82,2014,10-Oct-14,646789,36287,388,C2,10,4,0,0,8,11,8,10,45,Altered,,Santa Isabel,
Fragment,Santa Isabel,Finca Porfirio Zambrano,82,2014,10-Oct-14,646817,36268,377,C3,12,4,0,0,8,7,5,6,45,Altered,,Santa Isabel,
Fragment,Santa Isabel,Finca Gavilanez,12,2014,14-Oct-14,646750,38739,585,B1,12,1,0,0,8,6,13,11,45,Primary,,Santa Isabel,"En el proyecto fragmentos se utilizó 4 redes al borde y 4 redes en el centro de cada fragmento, entonces en cada transecto de 4 redes se tomó 3 medidas de habitat (centro, medio y fin) "
Fragment,Santa Isabel,Finca Gavilanez,12,2014,14-Oct-14,646774,38757,584,B2,8,1,0,0,5,8,8,17,35,Primary,,Santa Isabel,
Fragment,Santa Isabel,Finca Gavilanez,12,2014,14-Oct-14,646786,38753,568,B3,9,1,0,0,8,10,11,14,40,Primary,,Santa Isabel,
Fragment,Santa Isabel,Finca Gavilanez,12,2014,14-Oct-14,646878,38844,533,C1,7,0,2,1,12,16,9,13,25,Secondary,,Santa Isabel,
Fragment,Santa Isabel,Finca Gavilanez,12,2014,14-Oct-14,646911,38855,531,C2,13,1,3,0,9,7,10,7,35,Altered,,Santa Isabel,
Fragment,Santa Isabel,Finca Gavilanez,12,2014,14-Oct-14,646924,38861,547,C3,14,1,0,1,11,15,8,9,40,Altered,,Santa Isabel,
Fragment,La Yesita,Finca Lorenzo Gurumendi,34,2014,4-Nov-14,643318,36562,613,B1,9,0,1,0,8,7,7,8,30,Secondary,,La Yesita,"En el proyecto fragmentos se utilizó 4 redes al borde y 4 redes en el centro de cada fragmento, entonces en cada transecto de 4 redes se tomó 3 medidas de habitat (centro, medio y fin) "
Fragment,La Yesita,Finca Lorenzo Gurumendi,34,2014,4-Nov-14,643339,36559,595,B2,10,2,0,0,11,10,8,11,44,Primary,,La Yesita,
Fragment,La Yesita,Finca Lorenzo Gurumendi,34,2014,4-Nov-14,643364,36550,599,B3,11,2,0,0,6,7,11,8,45,Primary,,La Yesita,
Fragment,La Yesita,Finca Lorenzo Gurumendi,34,2014,4-Nov-14,643556,36514,602,C1,10,2,0,0,10,3,12,7,45,Primary,,La Yesita,
Fragment,La Yesita,Finca Lorenzo Gurumendi,34,2014,4-Nov-14,643596,36505,559,C2,13,1,1,1,4,9,11,5,40,Altered,,La Yesita,
Fragment,La Yesita,Finca Lorenzo Gurumendi,34,2014,4-Nov-14,643784,36512,555,C3,10,3,1,0,8,12,13,10,45,Primary,,La Yesita,
Fragment,La Yesita,Finca Carlos Zambrano,39,2014,4-Nov-14,643999,37804,652,B1,13,0,3,0,12,9,12,8,25,Secondary,,La Yesita,"En el proyecto fragmentos se utilizó 4 redes al borde y 4 redes en el centro de cada fragmento, entonces en cada transecto de 4 redes se tomó 3 medidas de habitat (centro, medio y fin) "
Fragment,La Yesita,Finca Carlos Zambrano,39,2014,4-Nov-14,644033,37807,662,B2,8,0,2,0,7,8,9,12,25,Secondary,,La Yesita,
Fragment,La Yesita,Finca Carlos Zambrano,39,2014,4-Nov-14,644058,37803,639,B3,18,0,3,0,10,8,15,10,25,Secondary,,La Yesita,
Fragment,La Yesita,Finca Carlos Zambrano,39,2014,4-Nov-14,644105,37641,612,C1,10,2,3,0,11,13,13,15,30,Secondary,,La Yesita,
Fragment,La Yesita,Finca Carlos Zambrano,39,2014,4-Nov-14,644126,37598,605,C2,11,2,3,0,14,12,6,12,38,Altered,,La Yesita,
Fragment,La Yesita,Finca Carlos Zambrano,39,2014,4-Nov-14,644120,37590,590,C3,13,1,1,0,7,14,7,7,35,Altered,,La Yesita,
Fragment,La Yesita,Finca José Vera,87,2014,11-Nov-14,644426,37036,544,B1,8,0,0,5,12,8,10,12,15,Secondary,,La Yesita,"En el proyecto fragmentos se utilizó 4 redes al borde y 4 redes en el centro de cada fragmento, entonces en cada transecto de 4 redes se tomó 3 medidas de habitat (centro, medio y fin) "
Fragment,La Yesita,Finca José Vera,87,2014,11-Nov-14,644442,37021,544,B2,7,2,1,0,5,7,9,12,45,Altered,,La Yesita,
Fragment,La Yesita,Finca José Vera,87,2014,11-Nov-14,644467,37012,538,B3,7,2,2,0,16,14,8,7,45,Altered,,La Yesita,
Fragment,La Yesita,Finca José Vera,87,2014,11-Nov-14,644526,36980,545,C1,8,1,0,0,3,5,7,5,45,Primary,,La Yesita,
Fragment,La Yesita,Finca José Vera,87,2014,11-Nov-14,644542,36979,539,C2,14,2,0,0,8,3,5,6,45,Primary,,La Yesita,
Fragment,La Yesita,Finca José Vera,87,2014,11-Nov-14,644571,36983,539,C3,12,2,0,0,9,8,6,5,45,Primary,,La Yesita,
,La Yesita,BBS,AboveLek3,2014,14-Nov-14,646613,36548,402,B1,14,0,0,0,8,16,8,11,30,Secondary,,La Yesita,"En el proyecto fragmentos se utilizó 4 redes al borde y 4 redes en el centro de cada fragmento, entonces en cada transecto de 4 redes se tomó 3 medidas de habitat (centro, medio y fin) "
,La Yesita,BBS,AboveLek3,2014,14-Nov-14,646614,36532,401,B2,8,0,0,0,30,21,13,24,35,Altered,,La Yesita,
,La Yesita,BBS,AboveLek3,2014,14-Nov-14,646623,36509,396,B3,10,2,0,0,19,23,15,19,30,Altered,,La Yesita,
,La Yesita,BBS,AboveLek3,2014,14-Nov-14,646765,36321,375,C1,8,1,0,0,4,6,3,10,45,Altered,,La Yesita,
,La Yesita,BBS,AboveLek3,2014,14-Nov-14,646789,36287,388,C2,10,4,0,0,8,11,8,10,45,Altered,,La Yesita,
,La Yesita,BBS,AboveLek3,2014,14-Nov-14,646817,36268,377,C3,13,4,0,0,8,7,5,6,45,Altered,,La Yesita,
Fragment,La Yesita,Finca José Vera,86,2014,16-Nov-14,644649,36836,532,B1,16,2,0,0,8,13,7,20,30,Primary,,La Yesita,"En el proyecto fragmentos se utilizó 4 redes al borde y 4 redes en el centro de cada fragmento, entonces en cada transecto de 4 redes se tomó 3 medidas de habitat (centro, medio y fin) "
Fragment,La Yesita,Finca José Vera,86,2014,16-Nov-14,644663,36808,558,B2,11,2,0,0,9,7,15,9,32,Primary,,La Yesita,
Fragment,La Yesita,Finca José Vera,86,2014,16-Nov-14,644675,36811,537,B3,16,6,1,0,9,6,7,9,40,Primary,,La Yesita,
Fragment,La Yesita,Finca José Vera,86,2014,16-Nov-14,644673,36645,492,C1,8,1,1,0,10,4,10,9,40,Altered,,La Yesita,
Fragment,La Yesita,Finca José Vera,86,2014,16-Nov-14,644652,36647,466,C2,12,1,0,0,4,8,12,17,35,Primary,,La Yesita,
Fragment,La Yesita,Finca José Vera,86,2014,16-Nov-14,644622,36615,500,C3,13,2,0,0,2,7,11,12,35,Primary,,La Yesita,
Fragment,Herrera ,Finca Familia Velázquez,56,2014,3-Dec-14,656119,40612,205,B1,6,0,0,0,10,29,28,11,10,Secondary,,Herrera,"En el proyecto fragmentos se utilizó 4 redes al borde y 4 redes en el centro de cada fragmento, entonces en cada transecto de 4 redes se tomó 3 medidas de habitat (centro, medio y fin) "
Fragment,Herrera ,Finca Familia Velázquez,56,2014,3-Dec-14,656120,40592,211,B2,6,0,0,0,9,15,10,7,10,Secondary,,Herrera,
Fragment,Herrera ,Finca Familia Velázquez,56,2014,3-Dec-14,656094,40579,209,B3,7,0,0,0,10,5,12,29,25,Secondary,,Herrera,
Fragment,Herrera ,Finca Familia Velázquez,56,2014,3-Dec-14,655975,40497,233,C1,10,2,0,0,11,12,8,12,45,Altered,,Herrera,
Fragment,Herrera ,Finca Familia Velázquez,56,2014,3-Dec-14,655979,40490,263,C2,10,1,0,0,21,28,26,22,45,Altered,,Herrera,
Fragment,Herrera ,Finca Familia Velázquez,56,2014,3-Dec-14,655932,40486,264,C3,12,1,0,0,14,12,18,9,45,Altered,,Herrera,
Fragment,Herrera ,Finca Familia Palacios,24,2014,6-Dec-14,655874,40644,235,B1,9,3,0,0,10,10,6,9,30,Altered,,Herrera,"En el proyecto fragmentos se utilizó 4 redes al borde y 4 redes en el centro de cada fragmento, entonces en cada transecto de 4 redes se tomó 3 medidas de habitat (centro, medio y fin) "
Fragment,Herrera ,Finca Familia Palacios,24,2014,6-Dec-14,655862,40673,255,B2,9,1,0,0,16,11,9,13,35,Altered,,Herrera,
Fragment,Herrera ,Finca Familia Palacios,24,2014,6-Dec-14,655850,40680,264,B3,10,1,0,0,5,6,9,10,45,Primary,,Herrera,
Fragment,Herrera ,Finca Familia Palacios,24,2014,6-Dec-14,655746,40665,239,C1,9,2,0,0,10,8,11,15,35,Primary,,Herrera,
Fragment,Herrera ,Finca Familia Palacios,24,2014,6-Dec-14,655695,40670,298,C2,11,0,0,0,9,8,14,4,40,Primary,,Herrera,
Fragment,Herrera ,Finca Familia Palacios,24,2014,6-Dec-14,655694,40652,257,C3,8,4,0,0,11,3,8,7,40,Primary,,Herrera,
Fragment,Herrera ,Finca Mirian Velázquez ,58,2014,9-Dec-14,656674,40946,227,B1,5,2,0,0,9,10,8,6,45,Primary,,Herrera,"En el proyecto fragmentos se utilizó 4 redes al borde y 4 redes en el centro de cada fragmento, entonces en cada transecto de 4 redes se tomó 3 medidas de habitat (centro, medio y fin) "
Fragment,Herrera ,Finca Mirian Velázquez ,58,2014,9-Dec-14,656670,40902,231,B2,8,1,0,0,10,13,12,13,40,Primary,,Herrera,
Fragment,Herrera ,Finca Mirian Velázquez ,58,2014,9-Dec-14,656648,40891,246,B3,9,4,0,0,4,5,8,11,45,Primary,,Herrera,
Fragment,Herrera ,Finca Mirian Velázquez ,58,2014,9-Dec-14,656616,40866,201,C1,11,1,0,0,3,6,5,4,45,Primary,,Herrera,
Fragment,Herrera ,Finca Mirian Velázquez ,58,2014,9-Dec-14,656607,40837,223,C2,5,0,0,0,6,6,7,9,40,Altered,,Herrera,
Fragment,Herrera ,Finca Mirian Velázquez ,58,2014,9-Dec-14,656590,40818,240,C3,12,0,0,0,13,6,8,12,30,Altered,,Herrera,
Fragment,Herrera ,Finca Amador Triana ,63,2014,12-Dec-14,659519,42073,140,B1,5,0,0,0,10,28,29,13,30,Secondary,,Herrera,"En el proyecto fragmentos se utilizó 4 redes al borde y 4 redes en el centro de cada fragmento, entonces en cada transecto de 4 redes se tomó 3 medidas de habitat (centro, medio y fin) "
Fragment,Herrera ,Finca Amador Triana ,63,2014,12-Dec-14,659530,42098,145,B2,4,0,0,0,15,16,8,8,40,Altered,,Herrera,
Fragment,Herrera ,Finca Amador Triana ,63,2014,12-Dec-14,659540,42124,148,B3,6,1,1,0,9,9,7,9,30,Secondary,,Herrera,
Fragment,Herrera ,Finca Amador Triana ,63,2014,12-Dec-14,659696,42238,198,C1,5,1,1,0,7,16,11,13,30,Altered,,Herrera,
Fragment,Herrera ,Finca Amador Triana ,63,2014,12-Dec-14,659675,42270,193,C2,12,2,0,0,13,15,5,10,35,Altered,,Herrera,
Fragment,Herrera ,Finca Amador Triana ,63,2014,12-Dec-14,659684,42285,199,C3,10,0,1,0,11,8,7,5,25,Secondary,,Herrera,
Fragment,Viche Cañabraval,Finca Simón Mendoza,90,2015,26-Jan-15,638102,45688,338,B1,15,1,0,0,9,7,14,9,42,Primary,,Viche,"En el proyecto fragmentos se utilizó 4 redes al borde y 4 redes en el centro de cada fragmento, entonces en cada transecto de 4 redes se tomó 3 medidas de habitat (centro, medio y fin) "
Fragment,Viche Cañabraval,Finca Simón Mendoza,90,2015,26-Jan-15,638107,45706,337,B2,6,1,0,0,20,26,23,16,45,Primary,,Viche,
Fragment,Viche Cañabraval,Finca Simón Mendoza,90,2015,26-Jan-15,638150,45717,354,B3,14,1,0,0,18,29,28,13,30,Primary,,Viche,
Fragment,Viche Cañabraval,Finca Simón Mendoza,90,2015,26-Jan-15,638319,45687,363,C1,17,3,0,0,23,10,8,12,45,Primary,,Viche,
Fragment,Viche Cañabraval,Finca Simón Mendoza,90,2015,26-Jan-15,638299,45665,367,C2,10,2,0,0,26,15,17,14,45,Primary,,Viche,
Fragment,Viche Cañabraval,Finca Simón Mendoza,90,2015,26-Jan-15,638282,45637,376,C3,9,2,0,0,12,10,14,13,25,Secondary,,Viche,
Fragment,Viche Cañabraval,Finca Simón Mendoza,91,2015,28-Jan-15,638081,45562,341,B1,13,5,0,0,16,18,14,14,45,Primary,,Viche,"En el proyecto fragmentos se utilizó 4 redes al borde y 4 redes en el centro de cada fragmento, entonces en cada transecto de 4 redes se tomó 3 medidas de habitat (centro, medio y fin) "
Fragment,Viche Cañabraval,Finca Simón Mendoza,91,2015,28-Jan-15,638076,45575,314,B2,9,2,0,0,13,11,13,25,45,Primary,,Viche,
Fragment,Viche Cañabraval,Finca Simón Mendoza,91,2015,28-Jan-15,638055,45566,309,B3,12,1,0,0,18,15,12,13,45,Primary,,Viche,
Fragment,Viche Cañabraval,Finca Simón Mendoza,91,2015,29-Jan-15,637896,45610,304,C1,8,1,0,0,12,22,15,16,40,Primary,,Viche,
Fragment,Viche Cañabraval,Finca Simón Mendoza,91,2015,29-Jan-15,637901,45620,315,C2,17,4,0,0,16,10,18,15,45,Primary,,Viche,
Fragment,Viche Cañabraval,Finca Simón Mendoza,91,2015,29-Jan-15,637919,45636,308,C3,9,4,0,0,13,24,10,8,40,Primary,,Viche,
Fragment,Viche Cañabraval,Finca Letty Arboleda Reascos ,92,2015,1-Feb-15,636228,46679,300,B1,17,2,0,0,17,10,13,8,35,Primary,,Viche,"En el proyecto fragmentos se utilizó 4 redes al borde y 4 redes en el centro de cada fragmento, entonces en cada transecto de 4 redes se tomó 3 medidas de habitat (centro, medio y fin) "
Fragment,Viche Cañabraval,Finca Letty Arboleda Reascos ,92,2015,1-Feb-15,636257,46672,307,B2,15,2,0,0,8,7,6,8,50,Primary,,Viche,
Fragment,Viche Cañabraval,Finca Letty Arboleda Reascos ,92,2015,1-Feb-15,636261,46662,307,B3,13,1,2,0,7,10,6,9,35,Altered,,Viche,
Fragment,Viche Cañabraval,Finca Letty Arboleda Reascos ,92,2015,1-Feb-15,636132,46849,297,C1,11,4,0,0,6,10,9,14,40,Primary,,Viche,
Fragment,Viche Cañabraval,Finca Letty Arboleda Reascos ,92,2015,1-Feb-15,636115,46830,306,C2,18,2,0,0,10,16,9,17,40,Primary,,Viche,
Fragment,Viche Cañabraval,Finca Letty Arboleda Reascos ,92,2015,1-Feb-15,636114,46823,308,C3,20,3,0,0,11,8,6,4,30,Primary,,Viche,
Fragment,Viche Cañabraval,Finca Letty Arboleda Reascos ,93,2015,5-Feb-15,636705,46748,311,B1,11,0,2,0,11,22,16,15,20,Secondary,,Viche,"En el proyecto fragmentos se utilizó 4 redes al borde y 4 redes en el centro de cada fragmento, entonces en cada transecto de 4 redes se tomó 3 medidas de habitat (centro, medio y fin) "
Fragment,Viche Cañabraval,Finca Letty Arboleda Reascos ,93,2015,5-Feb-15,636689,46722,313,B2,18,0,0,0,8,18,18,22,20,Secondary,,Viche,
Fragment,Viche Cañabraval,Finca Letty Arboleda Reascos ,93,2015,5-Feb-15,636675,46712,347,B3,19,0,0,0,23,20,22,19,20,Secondary,,Viche,
Fragment,Viche Cañabraval,Finca Letty Arboleda Reascos ,93,2015,5-Feb-15,636563,46598,309,C1,19,0,2,0,6,14,13,8,20,Secondary,,Viche,
Fragment,Viche Cañabraval,Finca Letty Arboleda Reascos ,93,2015,5-Feb-15,636584,46593,299,C2,15,4,1,0,12,14,11,12,20,Altered,,Viche,
Fragment,Viche Cañabraval,Finca Letty Arboleda Reascos ,93,2015,5-Feb-15,636612,46590,288,C3,18,0,1,0,8,6,14,13,30,Secondary,,Viche,
Fragment,Taguales,Finca Gaudencio Bravo,2,2015,8-Mar-15,642482,44622,346,B1,29,2,0,0,15,6,12,12,30,Altered,,Taguales,"En el proyecto fragmentos se utilizó 4 redes al borde y 4 redes en el centro de cada fragmento, entonces en cada transecto de 4 redes se tomó 3 medidas de habitat (centro, medio y fin) "
Fragment,Taguales,Finca Gaudencio Bravo,2,2015,8-Mar-15,642515,44608,349,B2,30,2,0,0,6,8,5,9,30,Altered,,Taguales,
Fragment,Taguales,Finca Gaudencio Bravo,2,2015,8-Mar-15,642538,44617,353,B3,24,1,0,0,12,10,6,9,40,Primary,,Taguales,
Fragment,Taguales,Finca Gaudencio Bravo,2,2015,8-Mar-15,642601,44520,365,C1,14,4,0,0,6,9,7,22,40,Primary,,Taguales,
Fragment,Taguales,Finca Gaudencio Bravo,2,2015,8-Mar-15,642620,44498,365,C2,12,4,0,0,14,7,9,10,40,Primary,,Taguales,
Fragment,Taguales,Finca Gaudencio Bravo,2,2015,8-Mar-15,642658,44506,377,C3,9,3,0,0,13,20,10,10,30,Altered,,Taguales,
Fragment,Taguales ,Finca Cristóbal Quijije ,94,2015,11-Mar-15,642575,45700,416,B1,27,2,0,3,7,6,16,10,30,Secondary,,Taguales,"En el proyecto fragmentos se utilizó 4 redes al borde y 4 redes en el centro de cada fragmento, entonces en cada transecto de 4 redes se tomó 3 medidas de habitat (centro, medio y fin) "
Fragment,Taguales ,Finca Cristóbal Quijije ,94,2015,11-Mar-15,642549,45708,423,B2,18,3,1,0,17,4,10,8,35,Altered,,Taguales,
Fragment,Taguales ,Finca Cristóbal Quijije ,94,2015,11-Mar-15,642536,45714,431,B3,18,5,0,0,10,5,8,4,45,Primary,,Taguales,
Fragment,Taguales ,Finca Cristóbal Quijije ,94,2015,11-Mar-15,642406,45677,484,C1,16,1,0,0,4,7,10,5,40,Primary,,Taguales,
Fragment,Taguales ,Finca Cristóbal Quijije ,94,2015,11-Mar-15,642383,45668,484,C2,15,1,0,0,7,9,10,5,35,Primary,,Taguales,
Fragment,Taguales ,Finca Cristóbal Quijije ,94,2015,11-Mar-15,642347,45665,485,C3,16,0,0,0,7,8,5,5,30,Primary,,Taguales,
Fragment,Taguales ,Finca Herederos Masacón,95,2015,14-Mar-15,642860,45314,345,B1,8,2,0,0,9,13,7,11,35,Altered,,Taguales,"En el proyecto fragmentos se utilizó 4 redes al borde y 4 redes en el centro de cada fragmento, entonces en cada transecto de 4 redes se tomó 3 medidas de habitat (centro, medio y fin) "
Fragment,Taguales ,Finca Herederos Masacón,95,2015,14-Mar-15,642851,45307,349,B2,11,0,0,0,20,14,11,12,30,Altered,,Taguales,
Fragment,Taguales ,Finca Herederos Masacón,95,2015,14-Mar-15,642820,45289,355,B3,14,2,0,0,7,20,24,12,30,Altered,,Taguales,
Fragment,Taguales ,Finca Herederos Masacón,95,2015,14-Mar-15,642775,45175,380,C1,23,2,0,0,5,5,4,12,30,Altered,,Taguales,
Fragment,Taguales ,Finca Herederos Masacón,95,2015,14-Mar-15,642774,45152,381,C2,19,0,0,0,8,7,5,9,30,Secondary,,Taguales,
Fragment,Taguales ,Finca Herederos Masacón,95,2015,14-Mar-15,642785,45129,382,C3,25,0,0,0,4,6,4,5,25,Secondary,,Taguales,
Fragment,Taguales ,Finca Gilberto Bravo,1,2015,17-Mar-15,644044,44817,396,B1,12,0,0,0,8,7,9,13,35,Secondary,,Taguales,"En el proyecto fragmentos se utilizó 4 redes al borde y 4 redes en el centro de cada fragmento, entonces en cada transecto de 4 redes se tomó 3 medidas de habitat (centro, medio y fin) "
Fragment,Taguales ,Finca Gilberto Bravo,1,2015,17-Mar-15,644063,44809,399,B2,10,3,0,0,13,14,16,12,35,Altered,,Taguales,
Fragment,Taguales ,Finca Gilberto Bravo,1,2015,17-Mar-15,644043,44779,400,B3,5,0,0,0,10,8,9,13,36,Altered,,Taguales,
Fragment,Taguales ,Finca Gilberto Bravo,1,2015,17-Mar-15,643991,44668,405,C1,13,3,0,0,9,19,10,12,39,Altered,,Taguales,
Fragment,Taguales ,Finca Gilberto Bravo,1,2015,17-Mar-15,643954,44646,406,C2,14,5,0,0,23,19,27,24,40,Altered,esta parte del bosque el sotobosque fue talado solo quedan arboles grandes,Taguales,
Fragment,Taguales ,Finca Gilberto Bravo,1,2015,17-Mar-15,643945,44611,399,C3,12,2,0,0,14,11,11,13,45,Primary,,Taguales,
Fragment,Dogola ,Dogola ,98,2015,7-Oct-15,637313,39525,301,B1,3,1,1,0,18,45,39,42,25,Secondary,,Dogola ,"En el proyecto fragmentos se utilizó 4 redes al borde y 4 redes en el centro de cada fragmento, entonces en cada transecto de 4 redes se tomó 3 medidas de habitat (centro, medio y fin) "
Fragment,Dogola ,Dogola ,98,2015,7-Oct-15,637320,39510,319,B2,7,1,1,0,13,52,18,26,20,Altered,,Dogola ,
Fragment,Dogola ,Dogola ,98,2015,7-Oct-15,637323,39481,324,B3,8,0,0,0,15,42,24,13,30,Primary,,Dogola ,
Fragment,Dogola ,Dogola ,98,2015,7-Oct-15,637348,39416,341,C1,8,1,0,0,12,28,14,7,35,Primary,,Dogola ,
Fragment,Dogola ,Dogola ,98,2015,7-Oct-15,637356,39398,370,C2,9,1,0,0,48,36,52,24,40,Primary,,Dogola ,
Fragment,Dogola ,Dogola ,98,2015,7-Oct-15,637358,39377,367,C3,12,1,0,0,28,15,36,14,35,Primary,,Dogola ,
Fragment,Dogola ,Dogola ,99,2015,10-Oct-15,636521,40155,255,B1,5,2,0,0,14,18,22,11,38,Altered,,Dogola ,"En el proyecto fragmentos se utilizó 4 redes al borde y 4 redes en el centro de cada fragmento, entonces en cada transecto de 4 redes se tomó 3 medidas de habitat (centro, medio y fin) "
Fragment,Dogola ,Dogola ,99,2015,10-Oct-15,636539,40179,266,B2,8,1,0,0,8,14,6,32,30,Primary,,Dogola ,
Fragment,Dogola ,Dogola ,99,2015,10-Oct-15,636533,40195,264,B3,5,2,,,13,18,35,9,,,,Dogola ,
Fragment,Dogola ,Dogola ,99,2015,10-Oct-15,636479,40247,256,C1,7,0,,,6,8,14,4,,,,Dogola ,
Fragment,Dogola ,Dogola ,99,2015,10-Oct-15,636491,40271,263,C2,8,3,0,0,12,14,7,5,40,Primary,,Dogola ,
Fragment,Dogola ,Dogola ,99,2015,10-Oct-15,636488,40283,266,C3,6,1,,,11,14,6,18,,,,Dogola ,
Fragment,Dogola ,Dogola ,97,2015,13-Oct-15,638199,40011,281,B1,6,1,1,0,10,42,19,12,25,Secondary,,Dogola ,"En el proyecto fragmentos se utilizó 4 redes al borde y 4 redes en el centro de cada fragmento, entonces en cada transecto de 4 redes se tomó 3 medidas de habitat (centro, medio y fin) "
Fragment,Dogola ,Dogola ,97,2015,13-Oct-15,638199,40011,281,B2,10,1,2,0,11,7,15,18,15,Secondary,,Dogola ,
Fragment,Dogola ,Dogola ,97,2015,13-Oct-15,638220,40048,291,B3,6,1,0,0,12,14,18,6,45,Primary,,Dogola ,
Fragment,Dogola ,Dogola ,97,2015,13-Oct-15,638270,40077,301,C1,6,2,0,0,7,11,16,24,40,Primary,,Dogola ,
Fragment,Dogola ,Dogola ,97,2015,13-Oct-15,638273,40096,303,C2,6,2,0,0,8,15,22,9,40,Primary,,Dogola ,
Fragment,Dogola ,Dogola ,97,2015,13-Oct-15,638289,40119,309,C3,5,1,0,0,9,12,6,18,45,Primary,,Dogola ,
Fragment,Dogola ,Dogola ,96,2015,17-Oct-15,637878,39849,251,B1,5,0,0,0,7,6,8,11,20,Secondary,,Dogola ,"En el proyecto fragmentos se utilizó 4 redes al borde y 4 redes en el centro de cada fragmento, entonces en cada transecto de 4 redes se tomó 3 medidas de habitat (centro, medio y fin) "
Fragment,Dogola ,Dogola ,96,2015,17-Oct-15,637865,39837,260,B2,7,0,1,0,9,10,16,5,20,Secondary,,Dogola ,
Fragment,Dogola ,Dogola ,96,2015,17-Oct-15,637840,39825,279,B3,13,3,0,0,10,9,12,10,40,Primary,,Dogola ,
Fragment,Dogola ,Dogola ,96,2015,17-Oct-15,637777,39754,300,C1,8,1,0,0,6,24,15,10,40,Primary,,Dogola ,
Fragment,Dogola ,Dogola ,96,2015,17-Oct-15,637797,39744,310,C2,7,2,0,0,15,32,23,9,45,Primary,,Dogola ,
Fragment,Dogola ,Dogola ,96,2015,17-Oct-15,637817,39755,333,C3,8,2,0,0,13,10,9,8,45,Primary,,Dogola ,
,La Yesita,BBS,SV-250,2016,4-Sep-16,643233,38273,538,1,16,0,1,1,16,11,14,12,15,Secundario,,,
,La Yesita,BBS,SV-250,2016,4-Sep-16,643181,38196,525,2,8,0,0,0,33,21,18,21,10,Secundario,,,
,La Yesita,BBS,SV-250,2016,4-Sep-16,643043,38087,521,3,14,1,1,1,9,8,12,4,18,Secundario,,,
,La Yesita,BBS,SV-1450,2016,7-Sep-16,642279,37587,495,1,12,5,0,0,7,11,11,6,40,Primario,,,
,La Yesita,BBS,SV-1450,2016,7-Sep-16,642158,37548,496,2,19,3,0,0,6,8,7,11,40,Primario,,,
,La Yesita,BBS,SV-1450,2016,7-Sep-16,642056,37494,493,3,16,5,0,0,7,10,5,8,40,Primario,,,
,La Yesita,BBS,SM-950,2016,10-Sep-16,642581,38010,514,1,8,4,0,0,9,8,10,11,30,Secundario,,,
,La Yesita,BBS,SM-950,2016,10-Sep-16,642483,37971,510,2,12,0,0,0,10,22,18,5,30,Secundario,,,
,La Yesita,BBS,SM-950,2016,10-Sep-16,642419,37933,505,3,10,4,0,0,8,12,11,12,40,Primario,,,
,La Yesita,BBS,SLEK3-350,2016,13-Sep-16,643094,37245,578,1,9,0,0,0,15,11,8,10,25,Secundario,,,
,La Yesita,BBS,SLEK3-350,2016,13-Sep-16,643037,37254,558,2,14,0,0,0,9,7,9,10,30,Secundario,,,
,La Yesita,BBS,SLEK3-350,2016,13-Sep-16,642943,37275,539,3,9,2,0,0,17,5,13,10,40,Alterado,,,
,La Yesita,BBS,SR-400,2016,17-Sep-16,643594,37688,616,1,13,2,0,0,13,11,7,14,30,Primario,,,
,La Yesita,BBS,SR-400,2016,17-Sep-16,643518,37661,604,2,12,3,0,0,16,14,18,12,30,Primario,,,
,La Yesita,BBS,SR-400,2016,17-Sep-16,643433,37647,585,3,9,1,0,0,14,14,15,16,30,Primario,,,
,La Yesita,BBS,SCOP-200,2016,11-Oct-16,643506,39039,548,1,11,1,0,1,5,7,6,15,25,Secundario,,,
,La Yesita,BBS,SCOP-200,2016,11-Oct-16,643576,39063,540,2,20,0,0,0,9,4,9,14,25,Secundario,,,
,La Yesita,BBS,SCOP-200,2016,11-Oct-16,643589,39152,531,3,8,0,0,0,11,8,14,11,25,Secundario,,,
,La Yesita,BBS,SCAFE-375,2016,13-Oct-16,643343,39576,478,1,13,1,0,0,6,11,10,9,40,Primario,,,
,La Yesita,BBS,SCAFE-375,2016,13-Oct-16,643415,39583,480,2,17,2,0,0,15,12,14,9,30,Primario,,,
,La Yesita,BBS,SCAFE-375,2016,13-Oct-16,643777,39613,494,3,15,2,0,0,19,14,21,13,25,Primario,,,
,La Yesita,BBS,SCAFE-1600,2016,16-Oct-16,644265,40026,447,1,17,0,1,0,16,26,20,14,22,Secundario,,,
,La Yesita,BBS,SCAFE-1600,2016,16-Oct-16,644291,40076,432,2,13,1,4,0,12,6,8,15,30,Secundario,,,
,La Yesita,BBS,SCAFE-1600,2016,16-Oct-16,644368,40105,432,3,7,0,1,0,10,10,4,12,25,Secundario,,,
,La Yesita,BBS,SA-450,2016,19-Oct-16,642832,39563,553,1,13,5,0,0,14,11,16,14,35,Primario,,,
,La Yesita,BBS,SA-450,2016,19-Oct-16,642743,39647,552,2,15,2,0,0,21,15,9,16,30,Primario,,,
,La Yesita,BBS,SA-450,2016,19-Oct-16,642671,39700,541,3,13,3,0,0,16,10,9,15,39,Primario,,,
,La Yesita,BBS,SLEK5-800,2016,22-Oct-16,642936,38972,550,1,15,0,2,2,7,12,4,9,20,Secundario,,,
,La Yesita,BBS,SLEK5-800,2016,22-Oct-16,642935,38935,538,2,15,5,0,0,18,9,7,13,38,Primario,,,
,La Yesita,BBS,SLEK5-800,2016,22-Oct-16,642928,38865,538,3,7,5,0,0,6,7,10,14,35,Primario,,,
Fragment,EL Descanso,Finca Don Abraham,3,2016,27-Oct-16,649909,40009,459,1,11,1,1,0,6,14,20,8,32,Secundario,,,
Fragment,EL Descanso,Finca Don Abraham,3,2016,27-Oct-16,649841,39949,457,2,22,4,0,0,12,19,19,7,28,Alterado,,,
Fragment,EL Descanso,Finca Don Abraham,3,2016,27-Oct-16,649753,39923,446,3,20,2,0,0,9,10,5,7,39,Primario,,,
Fragment,Colorado,Finca Raúl Parrales (Túneles),7,2016,30-Nov-16,650267,47093,266,1,10,0,0,0,9,20,12,12,18,Cañaveral,,,
Fragment,Colorado,Finca Raúl Parrales (Túneles),7,2016,30-Nov-16,650263,47164,283,2,19,0,0,0,24,8,10,8,25,Secundario,,,
Fragment,Colorado,Finca Raúl Parrales (Túneles),7,2016,30-Nov-16,650316,47197,270,3,13,4,0,0,8,12,10,6,34,Secundario,,,
Fragment,Platano,Finca Felipe Loor,6,2016,3-Dec-16,648646,45356,329,1,22,0,0,0,16,4,21,9,18,Secundario,,,
Fragment,Platano,Finca Felipe Loor,6,2016,3-Dec-16,648667,45281,325,2,21,1,0,0,9,15,12,6,10,Secundario,,,
Fragment,Platano,Finca Felipe Loor,6,2016,3-Dec-16,648627,45205,345,3,18,0,0,0,15,10,13,6,14,Secundario,,,
Fragment,La Ye,Finca Díaz,11,2016,6-Dec-16,650877,40840,466,1,18,0,0,0,14,17,12,12,25,Secundario,,,
Fragment,La Ye,Finca Díaz,11,2016,6-Dec-16,650837,40861,449,2,12,1,0,0,16,6,15,12,25,Secundario,,,
Fragment,La Ye,Finca Díaz,11,2016,6-Dec-16,650774,40850,466,3,13,0,0,0,9,5,10,9,25,Secundario,,,
,La Yesita,BBS,Loma de Guerrilleros,2016,10-Dec-16,639500,41782,644,1,15,6,0,0,21,10,13,12,35,Primario,,,
,La Yesita,BBS,Loma de Guerrilleros,2016,10-Dec-16,639433,41797,639,2,15,3,0,0,14,10,14,15,30,Primario,,,
,La Yesita,BBS,Loma de Guerrilleros,2016,10-Dec-16,639372,41840,630,3,11,3,0,0,7,21,11,26,35,Primario,,,
,La Yesita,BBS,SP-100,2017,8-Jan-17,643569,38468,571,1,17,0,2,0,8,12,15,20,15,Secundario,,,
,La Yesita,BBS,SP-100,2017,8-Jan-17,643577,38541,563,2,14,0,2,0,18,13,9,13,20,Secundario,,,
,La Yesita,BBS,SP-100,2017,8-Jan-17,643600,38612,558,3,17,0,4,0,21,14,6,15,16,Secundario,,,
,La Yesita,BBS,SH-850,2017,11-Jan-17,644066,38903,547,1,12,1,1,1,7,6,5,9,20,Secundario,,,
,La Yesita,BBS,SH-850,2017,11-Jan-17,644083,38828,548,2,8,0,0,0,15,8,7,17,25,Secundario,,,
,La Yesita,BBS,SH-850,2017,11-Jan-17,644077,38768,547,3,10,0,0,0,3,12,10,6,30,Secundario,,,
,La Yesita,BBS,SP-1150,2017,14-Jan-17,644109,39129,461,1,18,2,0,0,11,12,16,14,30,Primario,,,
,La Yesita,BBS,SP-1150,2017,14-Jan-17,644168,39090,492,2,14,1,2,0,18,9,9,20,20,Secundario,,,
,La Yesita,BBS,SP-1150,2017,14-Jan-17,644229,39091,514,3,15,0,2,1,12,10,8,11,25,Secundario,,,
,La Yesita,BBS,SP-1550,2017,17-Jan-17,644334,38928,497,1,13,2,2,1,20,17,30,8,20,Secundario,,,
,La Yesita,BBS,SP-1550,2017,17-Jan-17,644335,38847,576,2,15,0,5,0,6,7,9,8,20,Secundario,,,
,La Yesita,BBS,SP-1550,2017,17-Jan-17,644306,38819,581,3,17,0,4,0,14,15,12,11,20,Secundario,,,
